SONY SRS-XB43 Portable Bluetooth Speaker - Black,149.0,4.65,172.0
JBL Charge 5 Portable Bluetooth Speaker - Black,169.0,4.7,268.0
ULTIMATE EARS BOOM 3 Portable Bluetooth Speaker - Black,129.0,4.6,206.0
SONY SRS-XB43 Portable Bluetooth Speaker - Blue,149.0,4.55,60.0
JBL Xtreme 2 Portable Bluetooth Speaker - Gun Metal Grey,149.0,4.7,98.0
JBL Flip Essential Portable Bluetooth Speaker - Gun Metal,79.99,4.65,676.0
JVC MX-D519PB Portable Bluetooth Speaker - Black,69.99,4.65,176.0
JVC MX-D719PB Portable Bluetooth Speaker - Black,149.0,4.7,271.0
JVC MX-D528B Bluetooth Megasound Party Speaker - Black,199.0,4.65,305.0
SONY SRS-XB13 Portable Bluetooth Speaker - Black,39.0,4.55,90.0
LG XBOOM LK72B Bluetooth Traditional Hi-Fi System - Black,49.99,4.3,129.0
JBL Xtreme 3 Portable Bluetooth Speaker - Blue,279.0,4.65,19.0
JBL GO3 Portable Bluetooth Speaker - Black,24.99,4.85,38.0
JBL Flip 6 Portable Bluetooth Speaker - Blue,129.0,4.9,18.0
BOSE SoundLink Flex Portable Bluetooth Speaker - Black,149.0,4.65,46.0
LG PN5 XBOOM Go Portable Bluetooth Speaker - Black,89.99,4.7,132.0
SONOS One SL Wireless Multi-room Speaker - Black,179.0,4.65,353.0
SONY MHC-V02 Bluetooth Megasound Party Speaker - Black,179.0,4.4,63.0
ULTIMATE EARS HYPERBOOM Bluetooth Portable Speaker - Black,359.0,4.6,51.0
DENON DM-41DAB Wireless Traditional Hi-Fi System - Black,399.0,4.55,220.0
PIONEER DDJ-400 2-channel DJ Controller - Black,259.0,4.7,66.0
SONOS One Wireless Multi-room Speaker with Amazon Alexa & Google Assistant - Black (Gen 2),199.0,4.5,767.0
JVC RD-D80 Bluetooth All-in-One Hi-Fi System - Black,99.99,4.5,419.0
BOSE SoundLink Revolve II Portable Bluetooth Speaker - Triple Black,199.0,4.65,77.0
SONOS Roam SL Portable Wireless Multi-room Speaker - Shadow Black,159.0,,
LG ON5 XBOOM Bluetooth Megasound Party Hi-Fi System - Black,299.0,4.65,97.0
SONOS One SL Wireless Multi-room Speaker - White,179.0,4.65,353.0
SONY SRS-XP500 Portable Bluetooth Speaker - Black,289.0,4.95,29.0
LG CM4360 XBOOM Bluetooth Megasound Party Hi-Fi System - Black,109.0,4.5,107.0
JVC XS-D629BM 2.0 Bluetooth Bookshelf Speakers - Walnut,119.0,4.5,362.0
MARSHALL Acton II Bluetooth Speaker - Black,219.0,4.65,105.0
PANASONIC SC-AKX320E-K Bluetooth Megasound Party Hi-Fi System - Black,159.0,4.25,230.0
BOSE Home Speaker 500 with Amazon Alexa & Google Assistant - Black,269.0,4.55,287.0
PIONEER DJ DDJ-200 Smart DJ Controller - Black,139.0,4.3,79.0
BOSE SoundLink Flex Portable Bluetooth Speaker - White,149.0,4.65,46.0
PANASONIC SC-HC200EB-K Bluetooth Flat Panel Hi-Fi System - Black,89.99,4.4,402.0
DENON DM-41DAB Wireless Traditional Hi-Fi System - Premium Silver,399.0,4.55,319.0
BOSE SoundLink Flex Portable Bluetooth Speaker - Blue,149.0,4.65,46.0
JVC SP-AD105-B SPX1 Portable Bluetooth Speaker - Black,39.99,4.5,41.0
SONOS Roam Portable Wireless Multi-room Speaker with Google Assistant & Amazon Alexa - Shadow Black,179.0,4.4,154.0
LG UltraGear GP9 2.0 Bluetooth Gaming Speaker - Black,199.0,4.6,13.0
DENON DT-1 Bluetooth Traditional Hi-Fi System - Black,228.97,4.25,95.0
SONY SRS-XB23 Portable Bluetooth Speaker - Black,79.99,4.6,71.0
PANASONIC SC-PM252EB-K Bluetooth Micro Hi-Fi System - Black,109.0,4.25,439.0
PANASONIC SC-UX100E-K Bluetooth Megasound Party Hi-Fi System - Black,119.0,4.45,181.0
LG XBOOM 360 RP4 Portable Bluetooth Speaker - Burgundy,299.0,4.95,14.0
JVC SPX2 Portable Bluetooth Speaker - Black,69.99,4.2,27.0
JVC UX-D327B Wireless Traditional Hi-Fi System - Black,59.99,4.25,854.0
SONY SRS-XB13 Portable Bluetooth Speaker - Blue,39.0,4.35,35.0
LG CL88 XBOOM Bluetooth Megasound Party Hi-Fi System - Black,349.0,4.7,66.0
SONY SRS-XB33 Portable Bluetooth Speaker - Black,109.0,4.5,111.0
LG ON9 XBOOM Bluetooth Megasound Party Hi-Fi System - Black,329.0,4.4,37.0
JBL Partybox 100 Portable Bluetooth Speaker - Black,279.0,4.8,166.0
JBL Xtreme 3 Portable Bluetooth Speaker - Black,299.0,4.65,63.0
PANASONIC SC-HC302 Bluetooth Flat Panel Hi-Fi System - Black,129.0,4.55,695.0
SONOS Roam Portable Wireless Multi-room Speaker with Google Assistant & Amazon Alexa - Lunar White,179.0,4.2,65.0
BOSE SoundLink Revolve+ II Portable Bluetooth Wireless Speaker - Triple Black,279.0,4.8,61.0
JVC UX-D221B Wireless Micro Hi-Fi System - Black,69.99,4.4,48.0
LG CJ45 Bluetooth Megasound Party Hi-Fi System - Black,249.0,4.55,52.0
ULTIMATE EARS MEGABOOM 3 Portable Bluetooth Speaker - Black,149.0,4.55,87.0
SONY SRS-XP700 Portable Bluetooth Speaker - Black,399.0,4.5,23.0
BOSE Home Speaker 500 with Amazon Alexa & Google Assistant - Silver,269.0,4.55,287.0
JVC UX-D529B Bluetooth Flat Panel Hi-Fi System - Black,79.99,4.4,100.0
SONY SRS-XB13 Portable Bluetooth Speaker - Coral Pink,39.0,4.4,8.0
SONOS Move Portable Wireless Multi-room Speaker with Google Assistant & Amazon Alexa - Black,399.0,4.6,217.0
JVC RD-D100 Bluetooth All-in-One Hi-Fi System - Black,149.0,4.5,332.0
SONY SRS-XB13 Portable Bluetooth Speaker - Taupe,39.0,4.85,16.0
SONOS Roam SL Portable Wireless Multi-room Speaker - Lunar White,159.0,,
JBL Boombox 2 Portable Bluetooth Speaker - Black,449.0,4.55,98.0
PANASONIC SC-PMX92EB-K Bluetooth Traditional Hi-Fi System - Black,299.0,4.5,181.0
PIONEER DJ DM-40BT 2.0 Bluetooth DJ Monitor Speakers - Black,149.0,4.55,30.0
SONY MHC-V13 Bluetooth Megasound Party Speaker - Black,279.0,4.45,14.0
JVC UX-D750 Wireless Traditional Hi-Fi System - Black,199.0,4.25,873.0
JBL GO3 Portable Bluetooth Speaker - Blue,27.99,4.85,38.0
SONY SRS-XB13 Portable Bluetooth Speaker - Powder Blue,39.0,4.6,62.0
PANASONIC SC-AKX710E-K Bluetooth Megasound Party Hi-Fi System - Black,299.0,4.55,45.0
BOSE Soundlink Micro Portable Bluetooth Speaker - Black,119.0,4.75,130.0
ULTIMATE EARS BOOM 3 Portable Bluetooth Speaker - Blue,129.0,4.6,206.0
MARSHALL Emberton Portable Bluetooth Speaker - Black,129.0,4.75,97.0
SONY SRS-XG500 Portable Bluetooth Speaker - Black,299.0,5.0,9.0
PIONEER DJ DDJ-FLX6 4-Channel DJ Controller,539.0,4.6,5.0
SONY MHC-V73D Bluetooth Megasound Party Speaker - Black,599.0,4.65,50.0
BOSE SoundLink Revolve II Portable Bluetooth Speaker - Luxe Silver,199.0,4.65,77.0
JBL GO3 Portable Bluetooth Speaker - Blue & Pink,27.99,4.85,38.0
PANASONIC SC-HC412EB-K Bluetooth Flat Panel Hi-Fi System - Black,179.0,4.5,34.0
JBL Partybox 310 Bluetooth Megasound Party Speaker - Black,499.0,4.55,179.0
DENON DT-1 Bluetooth Traditional Hi-Fi System - Grey,228.97,4.15,104.0
SONOS One Wireless Multi-room Speaker with Amazon Alexa & Google Assistant - White (Gen 2),199.0,4.5,767.0
JVC UX-D321B Wireless Micro Hi-Fi System - Gun Metal,79.99,4.3,20.0
LG PN7 XBOOM Go Portable Bluetooth Speaker - Black,99.0,4.55,282.0
JBL Charge 5 Portable Bluetooth Speaker - Blue,169.0,4.7,268.0
SONOS Five Wireless Multi-room Speaker - White,449.0,4.55,80.0
JBL Xtreme 3 Portable Bluetooth Speaker - Squad Camo,299.0,5.0,2.0
TIBO TI435AMP 2.0 Stereo Amplifier - Black,129.0,4.1,30.0
SONOS Five Wireless Multi-room Speaker - Black,449.0,4.55,80.0
JBL GO3 Portable Bluetooth Speaker - Red,27.99,4.85,38.0
ULTIMATE EARS WONDERBOOM Portable Bluetooth Wireless Speaker - Phantom,59.99,4.65,254.0
MARSHALL Stanmore II Bluetooth Speaker - Black,299.0,4.7,101.0
JVC MX-D421B Bluetooth Megasound Party Hi-Fi System - Black,249.0,4.6,13.0
PHILIPS TAW6205/10 Wireless Multi-room Speaker - Silver,179.0,2.25,2.0
SONY SRS-XB23 Portable Bluetooth Speaker - Blue,79.99,4.55,40.0
PANASONIC SC-PM602EB-K Wireless Traditional Hi-Fi System - Black,169.0,4.5,179.0
BOSE SoundLink Revolve Charging Cradle,21.99,4.3,48.0
SONY SRS-XB23 Portable Bluetooth Speaker - Green,79.99,4.45,8.0
SONY SRS-XB13 Portable Bluetooth Speaker - Lemon Yellow,39.0,4.15,12.0
SAMSUNG MX-T70/XU Bluetooth Megasound Party Speaker - Black,479.0,4.05,14.0
SONY SRS-XB33 Portable Bluetooth Speaker - Blue,109.0,4.4,19.0
SAMSUNG MX-T50/XU Bluetooth Megasound Party Speaker - Black,299.0,3.65,7.0
ULTIMATE EARS MEGABOOM 3 Portable Bluetooth Speaker - Blue,169.0,4.45,38.0
DENON DCD-50 CD Player - Black & Silver,399.0,3.7,8.0
JBL BassPro Go Car Subwoofer & Bluetooth Portable Speaker - Black,499.99,,
ULTIMATE EARS WONDERBOOM 2 Portable Bluetooth Speaker - Black,69.99,4.7,96.0
BOSE Portable Wireless Multi-room Home Speaker with Google Assistant & Amazon Alexa - Black,379.0,4.6,76.0
SOUNDCORE Flare 2 Portable Bluetooth Speaker - Black,69.99,4.3,20.0
JBL Stage 1200B Car Subwoofer - Black,89.99,5.0,1.0
ULTIMATE EARS WONDERBOOM 2 Portable Bluetooth Speaker - Grey,89.99,4.75,42.0
JBL PartyBox 1000 Bluetooth Megasound Party Speaker - Black,899.0,4.9,18.0
LG PL2 XBOOM Go Portable Bluetooth Speaker - Black,29.99,4.5,21.0
PANASONIC SC-TMAX10E-K Bluetooth Megasound Party Speaker - Black,199.0,4.5,72.0
DENON CEOL N10 Wireless Smart Sound Hi-Fi System - Grey,499.0,4.55,52.0
ULTIMATE EARS WONDERBOOM 2 Portable Bluetooth Speaker - Blue,84.99,4.75,48.0
PIONEER DJ DM-40 2.0 Active Monitor Speakers - Black,149.0,3.7,7.0
HAMA Drum 2.0 Portable Bluetooth Speaker - Dark Blue,19.99,5.0,5.0
ULTIMATE EARS BOOM 3 Portable Bluetooth Speaker - Red,129.0,4.8,27.0
JBL Charge 5 Portable Bluetooth Speaker - Camo,169.0,4.7,269.0
PANASONIC SC-PMX802E-S Wireless Multi-room Traditional Hi-Fi System - Silver,535.0,4.7,7.0
JBL GO3 Portable Bluetooth Speaker - White,32.99,4.85,38.0
SONY SRS-XB23 Portable Bluetooth Speaker - Taupe,79.99,4.15,10.0
JBL Charge 5 Portable Bluetooth Speaker - Pink,169.0,4.7,268.0
MARSHALL Emberton Portable Bluetooth Speaker - Black & Brass,129.0,4.6,140.0
AUDIO PRO Addon C5-A Wireless Speaker with Amazon Alexa - Black,179.0,4.4,51.0
BOSE SoundLink Revolve+ II Portable Bluetooth Speaker - Luxe Silver,279.0,4.8,61.0
ULTIMATE EARS MEGABOOM 3 Portable Bluetooth Speaker - Red,159.0,4.6,23.0
PANASONIC SC-AKX520E-K Bluetooth Megasound Party Hi-Fi System - Black,209.0,4.2,57.0
MARSHALL Stockwell II Portable Bluetooth Speaker - Black & Brass,169.0,3.75,4.0
JBL PartyBox 710 Bluetooth Megasound Party Speaker - Black,699.0,5.0,3.0
MARSHALL Woburn II Bluetooth Speaker - Black,429.0,4.4,54.0
SONY SRS-XB33 Portable Bluetooth Speaker - Taupe,109.0,4.85,26.0
SONOS Move Portable Wireless Multi-room Speaker with Google Assistant & Amazon Alexa - White,399.0,4.75,16.0
MARSHALL Tufton Portable Bluetooth Speaker - Black,349.0,,
DENON Home 150 Wireless Multi-room Speaker with Amazon Alexa - Black,219.0,4.6,9.0
DAEWOO AVS1464GE Bluetooth Party Speaker - Black,29.99,,
JBL Stage2 604C Car Speakers - Black,64.99,,
GROOV-E Wave I GVSP362BK Portable Bluetooth Speaker - Black,15.49,5.0,4.0
JBL Charge 5 Portable Bluetooth Speaker - Green,159.0,4.7,268.0
PHILIPS TAW6505/10 Wireless Multi-room Speaker - Silver,249.0,,
JBL Charge 5 Portable Bluetooth Speaker - Red,159.0,4.7,269.0
MARSHALL Stockwell II Portable Bluetooth Speaker - Black,169.0,4.55,27.0
VOGELS Sound 4201 Tilt & Swivel Speaker Bracket - White,29.99,,
ULTIMATE EARS Wonderboom Portable Bluetooth Wireless Speaker - Subzero,89.99,4.65,254.0
SONY CMTX3CDB Wireless Flat Panel Hi-Fi System - Black,129.0,4.4,442.0
SOUNDCORE Select 2 Portable Bluetooth Speaker - Black,59.99,,
SAMSUNG MX-T40/XU Bluetooth Megasound Party Speaker - Black,199.0,4.3,5.0
JAM Double Chill HX-P404BK Portable Bluetooth Speaker - Black,29.97,4.2,21.0
ULTIMATE EARS WONDERBOOM 2 Portable Bluetooth Speaker - Red,89.99,4.7,24.0
MAJORITY D40 Bluetooth Bookshelf Speakers - Black,69.99,4.1,5.0
LEXIBOOK Disney Frozen II BTP180FZZ Bluetooth Karaoke System,39.99,5.0,3.0
ITEK I60018CD Bluetooth Jukebox - Brown,59.99,4.4,84.0
AUDIO PRO Addon C3 Portable Wireless Smart Sound Speaker - Black,149.0,4.55,30.0
HAMA Pocket 2.0 Portable Bluetooth Speaker - White,19.99,5.0,2.0
NUMARK Mixtrack Pro FX DJ Controller - Black,185.0,4.15,3.0
SONY MHC-V83D Bluetooth Megasound Party Speaker - Black,699.0,4.65,24.0
LG PL7 XBOOM Go Portable Bluetooth Speaker - Black,149.0,4.65,14.0
GROOV-E Wave II GVSP462BK Portable Bluetooth Speaker - Black,19.99,4.35,9.0
TIBO TI435CDP CD Player - Black,149.0,3.9,21.0
ITEK I60017GB Bluetooth Jukebox - Gloss Black,149.0,5.0,2.0
DAEWOO AVS1354 Portable Bluetooth Speaker - Black,79.99,3.9,8.0
AKG Podcaster Essentials,159.0,,
AUDIO PRO A10 Wireless Bluetooth Multi-room Speaker - Dark Grey,129.0,4.15,22.0
ITEK I60017GW Bluetooth Jukebox - Gloss White,149.0,,
SONY MHC-V43D Bluetooth Megasound Party Speaker - Black,439.0,4.95,17.0
KITSOUND Hive2o Portable Bluetooth Speaker - Grey,16.99,3.15,6.0
AUDIO PRO Addon C5-A Wireless Speaker with Amazon Alexa - Grey,179.0,4.65,24.0
BOSE Soundlink Micro Portable Bluetooth Speaker - White Smoke,119.0,4.75,130.0
YAMAHA NS-F51 Floorstanding Speakers - Black,200.0,4.7,33.0
JAM Hang Up HX-P101GY Portable Bluetooth Speaker - Grey,16.99,4.4,45.0
DENON Home 350 Wireless Multi-room Speaker - Black,459.0,4.75,6.0
SHARP PS-929 Portable Bluetooth Speaker - Black,149.99,,
AKAI A61039DAB Bluetooth Micro Hi-Fi System - Black,74.99,1.75,8.0
MARSHALL Kilburn II Portable Bluetooth Speaker - Black,219.0,4.8,60.0
TIBO TI435 DAB+/FM Tuner - Black,119.0,4.3,25.0
AUDIO PRO Addon C3 Portable Wireless Smart Sound Speaker - Grey,249.0,4.55,19.0
BOSE Portable Home Speaker Charging Cradle - Black,21.99,4.8,12.0
DENON DCD-800NE CD Player - Black,399.0,4.6,16.0
SONY SRS-XB23 Portable Bluetooth Speaker - Coral Red,79.99,4.5,2.0
TIBO Smart Streamer Wireless Pre-Amplifier - Black,129.0,,
DENON PMA-60 2.1 Bluetooth Stereo Amplifier - Black & Silver,629.0,4.75,6.0
MARSHALL Uxbridge Voice Wireless Multi-room Speaker with Amazon Alexa - Black,129.0,4.1,10.0
YAMAHA R-N402D Network Stereo Receiver - Black,439.0,4.55,27.0
BANG & OLUFSEN Beoplay M3 Wireless Multi-Room Speaker - Black,235.0,4.0,1.0
DAEWOO AVS1338 Portable Bluetooth Speaker - Black,99.99,4.65,4.0
I-BOX Shuffle Bluetooth Mini Hi-Fi System with Qi Charger - Black,99.99,,
DAEWOO AVS1302 Bluetooth Karaoke System - Black,149.99,3.8,9.0
M-AUDIO BX4 Powered Studio Monitors - Black,110.0,,
PHILIPS TAM3505/12 Bluetooth Micro Hi-Fi System - Black,109.0,4.2,18.0
SANUS WSSBM1-B2 Fixed Sonos Beam Sound Bar Bracket - Dark Grey,64.99,4.25,2.0
AUDIO PRO BT5 Bluetooth Speaker - Walnut,149.99,4.5,1.0
GROOV-E GV-PS923-BK Portable Bluetooth Karaoke Boombox - Black,46.49,3.8,24.0
LG ON7 XBOOM Bluetooth Megasound Party Hi-Fi System - Black,359.0,4.6,36.0
JBL Pulse 4 Portable Bluetooth Speaker - White,219.0,4.9,15.0
JAM HX-P400-BK-EU 2.0 Bluetooth Bookshelf Speakers - Black,79.99,,
BOSE Portable Wireless Multi-room Home Speaker with Google Assistant & Amazon Alexa - Silver,379.0,4.6,76.0
PHILIPS TAM4205/12 Bluetooth Micro Hi-Fi System - Silver,119.0,3.9,4.0
TIBO PA150 2.1 Stereo Amplifier - Black,249.99,4.25,2.0
URBANISTA Brisbane Portable Bluetooth Speaker - White,99.99,4.5,3.0
SONY SRS-RA3000 Wireless Multi-room Speaker - Black,259.0,4.2,10.0
FRESH N REBEL Rockbox Bold S Portable Bluetooth Speaker - Petrol Blue,49.99,4.5,1.0
AKAI A61039 Bluetooth Micro Hi-Fi System - Black,59.99,3.25,4.0
SANUS WSSATM1-B2 Full Motion Sonos Arc Sound Bar Bracket,119.0,,
"SANUS WSSA2-W2 Sonos Play 1 / Play 3 Speaker Stand - White, Pack of 2",120.0,4.25,2.0
VOLKANO Mini Mamba VK-3201-BK Portable Bluetooth Speaker - Black,39.99,,
FLEXSON FLXP5WM1014 Wall Mount Speaker Bracket for Sonos Play:5 - White,47.99,,
FRESH N REBEL Rockbox Bold XS Portable Bluetooth Speaker - Petrol Blue,39.99,,
PLANET BUDDIES PBPGSP Portable Bluetooth Speaker - Pepper the Penguin,22.99,4.65,3.0
AKG Lyra Ultra-HD Multimode USB Microphone - Silver,98.99,,
DAEWOO AVS1450 Portable Bluetooth Speaker - Black,44.99,,
M-AUDIO BX5 D3 Powered Studio Monitor - Black,99.99,3.8,5.0
BOSE Soundlink Micro Portable Bluetooth Speaker - Stone Blue,119.0,4.75,130.0
ITEK I60018CD Bluetooth Jukebox - Wood Finish,49.99,4.4,84.0
SOUNDCORE Rave Neo Portable Bluetooth Party Speaker - Black,114.0,4.6,6.0
AKAI A61052G Portable Bluetooth Speaker - Grey,25.49,4.65,3.0
AUDIO PRO Addon T3+ Portable Bluetooth Wireless Speaker - Black,179.0,4.75,101.0
HAMA Pocket 2.0 Portable Bluetooth Speaker - Black,22.99,4.9,4.0
AKAI A61052B Portable Bluetooth Speaker - Black,25.49,,
LEXIBOOK iParty BTP585Z Bluetooth Karaoke System - White,29.99,,
AUDIO PRO Addon C10 Bluetooth Wireless Smart Sound Speaker - White,249.0,4.6,32.0
SONY SRS-RA3000 Wireless Multi-room Speaker - Light Grey,259.0,4.0,5.0
AUDIO PRO Addon C5-A Wireless Speaker with Amazon Alexa - White,179.0,4.2,18.0
"HAMA 00116211 Speaker Stand - Pack of 2, Black",49.99,5.0,1.0
ITEK I60021 Bluetooth Jukebox - Brown,199.0,4.9,4.0
SHARP GX-BT60 Portable Bluetooth Speaker - Black,29.99,,
SBS Music Hero Octopump Portable Bluetooth Speaker - Ice White,19.99,,
JBL Stage1 601C Car Speakers - Black,52.99,,
SHARP GX-BT180 Portable Bluetooth Speaker - Black,49.99,,
ITEK I60017 Bluetooth Jukebox - Brown,119.0,4.2,32.0
M-AUDIO BX3 Powered Studio Monitors - Black,89.99,,
JBL Flip 6 Portable Bluetooth Speaker - Red,129.99,,
JBL One Series 104 Reference Monitors - Black,119.0,4.9,4.0
DENON Home 250 Wireless Multi-room Speaker with Amazon Alexa - Black,449.0,4.9,6.0
SONY SRS-XB33 Portable Bluetooth Speaker - Red,109.0,4.95,11.0
JBL Stage2 524 Car Speaker - Black,34.99,,
AUDIO PRO A36 Wireless Multi-room Speaker Pair - Black,789.0,,
AUDIO PRO BT5 Bluetooth Speaker - Black,99.99,4.6,21.0
HOUSE OF MARLEY Get Together Mini Bluetooth Wireless Portable Speaker - Wood & Black,84.99,4.35,14.0
AUDIO PRO Addon T3+ Portable Bluetooth Wireless Speaker - Grey,179.0,4.1,5.0
URBANISTA Sydney 36773 Portable Bluetooth Speaker - Midnight Black,39.99,4.65,7.0
JAM Double Chill HX-P404GY Portable Bluetooth Speaker - Grey,29.99,4.4,25.0
VOLKANO Fabric Series VK-3020-BK Portable Bluetooth Speaker - Grey,21.99,,
BOSE Portable Home Speaker Charging Cradle - Silver,24.0,4.8,12.0
FLEXSON S1-FS SONOS One Floor Stand - White,49.99,,
ROBERTS Beacon 310 Portable Bluetooth Speaker - Black,119.0,5.0,2.0
LEXIBOOK iParty BTP180Z Bluetooth Karaoke System - White,39.99,,
LEXIBOOK RCDK100DP CD Player with Microphones - Disney Princess,39.99,4.65,3.0
DAEWOO AVS1301 Bluetooth Karaoke System - Black,99.99,4.0,3.0
HUAWEI Sound Joy Portable Bluetooth Speaker - Green,99.99,,
AUDIO PRO A26 Wireless Bookshelf Speakers -White,495.0,,
TIBO Plus 1.1 Bluetooth Desktop Speakers - Black,119.99,,
AUDIO PRO BT5 Bluetooth Speaker - Driftwood,99.99,4.2,26.0
LEXIBOOK Peppa Pig CD Player with Microphones,37.99,2.25,2.0
HAMA SoundBarrel Portable Bluetooth Speaker - Black,99.99,4.0,1.0
AUDIOPRO Drumfire Wireless Multi-room Speaker - Black,650.0,5.0,1.0
HAMA Pipe 2.0 Portable Bluetooth Speaker - Black,69.99,5.0,1.0
ITEK I60018CDGB Bluetooth Jukebox - Gloss Black,69.99,,
AUDIO PRO Addon T3+ Portable Bluetooth Wireless Speaker - White,179.0,4.75,101.0
HUAWEI Sound X Wireless Speaker - Black,299.0,3.7,7.0
HAMA Cube 2.0 Portable Bluetooth Speaker - Black,29.99,,
URBANISTA Sydney 36772 Portable Bluetooth Speaker - White,31.99,4.4,6.0
"AVF EAK70W Wall Mount Tilt & Swivel Speaker Bracket – Twin Pack, White",24.99,4.5,1.0
JAM Hang Tight HX-P303BK Portable Bluetooth Speaker - Black,39.99,4.4,14.0
LEXIBOOK Paw Patrol CD Player with Microphones,38.49,,
HERCULES DJControl Mix - White,89.99,,
FLEXSON FLXSMFS1051 Sonos Move Floor Stand - Black,109.0,4.5,1.0
AUDIO PRO A36 Wireless Multi-room Speaker Pair - White,789.0,,
N-GEAR Let's Go Party 4 Studio Portable Bluetooth Karaoke Speaker - Black,44.95,,
LEXIBOOK RCDK100SP CD Player with Microphones - Spider-Man,39.99,,
VOLKANO Fabric Series VK-3020-BK Portable Bluetooth Speaker - Black,21.99,2.0,1.0
HAMA Drum 2.0 Portable Bluetooth Speaker - Yellow,19.99,0.5,1.0
FLEXSON SONOS One Wall Mount Tilt Speaker Bracket - Black,29.99,3.75,2.0
ITEK I60018CDGW Bluetooth Jukebox - Gloss White,119.0,3.75,2.0
PLANET BUDDIES PBOWSP Portable Bluetooth Speaker - Olive the Owl,22.99,5.0,1.0
JBL Stage2 424 Car Speakers - Black,29.99,2.5,1.0
HAMA Twin 2.0 Portable Bluetooth Speaker - Black,79.99,,
VOGELS Sound 4113 SONOS Tabletop Stand - Black,17.95,,
JBL Flip 6 Portable Bluetooth Speaker - White,129.99,,
TIBO Plus 2.1 Bluetooth Bookshelf Speakers - Black,149.99,,
EKIDS Li-B66MD Star Wars The Mandalorian The Child Bluetooth Speaker,29.99,,
RELOOP Groove Blaster Portable Bluetooth Speaker - Black,199.0,,
VEHO M-Series MR-7 Portable Bluetooth Speaker - Black,149.95,,
SHARP PS-919 Portable Bluetooth Speaker - White,119.99,,
URBANISTA Brisbane Portable Bluetooth Speaker - Black,99.99,4.1,5.0
SHARP GX-BT60 Portable Bluetooth Speaker - Grey,29.99,,
URBANISTA Sydney 36774 Portable Bluetooth Speaker - Rose Gold,39.99,4.3,11.0
ROBERTS Beacon 310 Portable Bluetooth Speaker - White,119.0,,
N-GEAR Drum Block 420 Portable Bluetooth Karaoke Speaker - Black,69.99,,
SHARP GX-BT180 Portable Bluetooth Speaker - Blue,49.99,,
FRESH N REBEL Rockbox Bold S Portable Bluetooth Speaker - Storm Grey,49.99,,
VOGELS Sound 4113 SONOS Tabletop Stand - White,15.99,3.5,1.0
AUDIO PRO Addon C-SUB Wireless Multi-room Subwoofer - White,399.0,,
DAEWOO AVS1549 Bluetooth Karaoke System - Black,99.99,,
AVF AK65W Sonos One & Play:1 Wall Mount Tilt & Swivel Speaker Bracket - White,29.99,,
AVF EAK80W Sonos Play 1 Speaker Stand - Pack of 2,39.99,2.5,1.0
AVF AK65B Sonos One & Play:1 Wall Mount Tilt & Swivel Speaker Bracket - Black,29.99,,
FRESH N REBEL Rockbox Bold S Portable Bluetooth Speaker - Ruby Red,49.99,,
HAMA 118040 Speaker Wall Mount - White,19.99,,
HAMA Pipe 2.0 Portable Bluetooth Speaker - White,69.99,,
HAMA Twin 2.0 Portable Bluetooth Speaker - White,79.99,,
SHARP GX-BT60 Portable Bluetooth Speaker - Blue,29.99,,
FRESH N REBEL Rockbox Soul Portable Bluetooth Speaker - Silky Sand,99.99,,
AUDIO PRO A10 Wireless Bluetooth Multi-room Speaker - Light Grey,180.0,,
EKIDS Vi-B72IM Iron Man Helmet Portable Bluetooth Speaker,39.99,,
AVF AK67B Sonos One & Play:5 Wall Mount Tilt & Swivel Speaker Bracket - Black,69.99,,
SANUS WMS3B Tilt & Swivel Speaker Bracket - Pack of 2,19.99,,
FRESH N REBEL Rockbox Bold XS Portable Bluetooth Speaker - Storm Grey,39.99,,
FRESH N REBEL Rockbox Bold S Portable Bluetooth Speaker - Dusty Pink,49.99,,
VQ Hepburn Voice Portable Wireless Speaker with Amazon Alexa - Black & Floral,149.99,,
LEXIBOOK RCDK100BS CD Player with Microphones - Baby Shark,36.99,5.0,1.0
DAEWOO AVS1492W Bluetooth Karaoke System - White,129.0,4.6,6.0
HAMA Cube 2.0 Portable Bluetooth Speaker - White,29.99,0.5,1.0
AUDIO PRO G10 Wireless Multi-room Speaker with Google Assistant - Dark Grey,230.0,4.25,2.0
SANUS WSSA1-W2 Sonos Play 1 / Play 3 Speaker Stand - White,79.99,,
FLEXSON FLXS5WM1021 Sonos Five & Play:5 Wall Mount Tilt & Swivel Speaker Bracket - Black,69.99,,
AVF AKVWLMOVW1 Sonos Move Wall Mount Fixed Speaker Bracket - White,27.99,,
FRESH N REBEL Rockbox Bold X Portable Bluetooth Speaker - Ice Grey,79.99,,
SANUS WSEDM1-W2 Amazon Echo Dot Wall Mount - White,16.99,,
HAMA 10217568 Speaker Wall Mount - White,29.99,4.5,1.0
FRESH N REBEL Rockbox Soul Portable Bluetooth Speaker - Storm Grey,99.99,,
AUDIO PRO SW-10 Subwoofer - White,359.99,,
AVF AKVFSS1B2 Sonos One & Play:1 Floorstand Fixed Speaker Bracket Pair - Black,109.0,,
"AVF EAK50W-A Wall Mount Tilt & Swivel Speaker Bracket – Twin Pack, White",17.99,,
AUDIO PRO G10 Wireless Multi-room Speaker with Google Assistant - Light Grey,230.0,,
FRESH N REBEL Rockbox Bold X Portable Bluetooth Speaker - Petrol Blue,79.99,,
AUDIO PRO Drumfire Wireless Multi-room Speaker - White,650.0,,
N-GEAR NGS282-BT Bluetooth Karaoke System - Black,89.99,,
VQ Hepburn Voice Portable Wireless Speaker with Amazon Alexa - Cath Kidston Antique Rose,149.99,,
VOGELS Sound 4201 Tilt & Swivel Speaker Bracket - Black,29.99,,
FLEXSON FLXS5WM1011 Sonos Five & Play:5 Wall Mount Tilt & Swivel Speaker Bracket - White,69.99,,
VOGELS Sound 4301 Sonos One & Play:1 Fixed Speaker Floorstand - Black,69.95,,
HAMA 00118041 Speaker Wall Mount - Black,19.99,,
AVF AKVWLMOVB1 Sonos Move Wall Mount Fixed Speaker Bracket - Black,27.99,,
SANUS WSEDM1-B2 Amazon Echo Dot Wall Mount - Black,16.99,,
AUDIO PRO SW-5 Subwoofer - Black,270.0,,
SANUS WSSA1-B2 Sonos Play 1 / Play 3 Speaker Stand - Black,79.99,,
FRESH N REBEL Rockbox Bold X Portable Bluetooth Speaker - Ruby Red,79.99,,
AVF AK55B Wall Mount Tilt & Swivel Speaker Bracket,24.99,,
AVF AKVFSS1B1 Sonos One & Play:1 Floorstand Fixed Speaker Bracket - Black,53.99,,
SANUS WMS3W Tilt & Swivel Speaker Bracket - Pack of 2,19.99,,
KINSMAN KSS10 Wall Mount Swivel Speaker Bracket,28.99,,
VOGELS Sound 4301 Sonos One & Play:1 Fixed Speaker Floorstand - White,69.95,,
AUDIO PRO SW-5 Subwoofer - White,270.0,,
SANUS WSSMM1-B2 SONOS MOVE Wall Mount Fixed Speaker Bracket,64.99,,
FLEXSON Illuminating Charging Stand for Sonos PLAY:1 - Black,44.99,,
AVF AKVDSS1B1 Sonos One & Play:1 Desk Stand Fixed Speaker Bracket - Black,29.99,,
FRESH N REBEL Rockbox Bold XS Portable Bluetooth Speaker - Misty Mint,39.99,,
AVF AK55W Wall Mount Tilt & Swivel Speaker Bracket,24.99,,
AVF YAK90W Sound Bar Bracket - White,29.99,,
VOGELS Sound 3305 Sonos Play:5 & Denon Heos 5 Fixed Speaker Floorstand - White,134.95,,
AVF AK67W Sonos One & Play:5 Wall Mount Tilt & Swivel Speaker Bracket - White,69.99,,
VQ Hepburn Voice Portable Wireless Speaker with Amazon Alexa - Cath Kidston Scattered Rose,149.99,,
AVF AKVFSS5B1 Sonos Five Floorstand Fixed Speaker Bracket - Black,104.0,,
SHARP PS-919 Portable Bluetooth Speaker - Black,119.99,,
FRESH N REBEL Rockbox Bold X Portable Bluetooth Speaker - Storm Grey,79.99,,
AVF AKVFSS5W2 Sonos Five Floorstand Fixed Speaker Bracket Pair - White,209.0,,
VOGELS Sound 3305 Sonos Play:5 & Denon Heos 5 Fixed Speaker Floorstand - Black,122.0,,
AVF AKVFSS1W1 Sonos One & Play:1 Floorstand Fixed Speaker Bracket - White,53.99,,
AVF AKVFSS5B2 Sonos Five Floorstand Fixed Speaker Bracket Pair - Black,209.0,,
AVF AKVDSS1W1 Sonos One & Play:1 Desk Stand Fixed Speaker Bracket - White,29.99,,
FRESH N REBEL Rockbox Bold X Portable Bluetooth Speaker - Misty Mint,79.99,,
AVF AKVFSS5W1 Sonos Five Floorstand Fixed Speaker Bracket - White,104.0,,
VOGELS Sound 3205 Tilt & Swivel Speaker Bracket - White,89.95,,
AVF AKVFSS1W2 Sonos One & Play:1 Floorstand Fixed Speaker Bracket Pair - White,109.0,,
VOGELS Sound 3205 Tilt & Swivel Speaker Bracket - Black,89.95,,
FLEXSON FLXSMFS1051 Sonos Move Floorstand Fixed Speaker Bracket - Black,149.99,,
FRESH N REBEL Rockbox Bold X Portable Bluetooth Speaker - Dusty Pink,79.99,,
JBL Clip 4 Portable Bluetooth Speaker - Black,49.99,4.6,25.0
MARSHALL Kilburn II Portable Bluetooth Speaker - Black & Brass,219.0,4.85,6.0
JBL GO3 Portable Bluetooth Speaker - Green,27.99,4.85,38.0
JVC MX-D829PB Portable Bluetooth Speaker - Black,149.0,4.75,184.0
BOSE Soundlink Color II Portable Bluetooth Wireless Speaker - Black,89.99,4.6,294.0
HUAWEI Sound Joy Portable Bluetooth Speaker - Black,99.99,,
JBL Flip 6 Portable Bluetooth Speaker - Black,129.0,4.9,18.0
JBL GO3 Portable Bluetooth Speaker - Camo Green,27.99,4.85,38.0
JBL Flip 6 Portable Bluetooth Speaker - Grey,129.0,5.0,1.0
SONY High Power MHC-V90DW Smart Sound Megasound Party Speaker - Black,899.0,4.5,28.0
JBL Boombox 2 Portable Bluetooth Speaker - Squad,429.0,,
HERCULES DJControl Inpulse 200 DJLearning Kit - Black,199.99,,
JBL Clip 4 Portable Bluetooth Speaker - Red,49.99,,
JBL GO3 Portable Bluetooth Speaker - Pink,27.99,4.85,38.0
JBL Clip 4 Portable Bluetooth Speaker - Blue,49.99,,
JBL Charge 5 Portable Bluetooth Speaker - Teal,164.0,4.7,268.0
JBL Charge 5 Portable Bluetooth Speaker - Grey,149.0,4.7,268.0
JBL Clip 4 Portable Bluetooth Speaker - Squad,49.99,5.0,2.0
PHILIPS TAM6805/10 Wireless Micro Hi-Fi System - Black,179.0,4.45,15.0
JBL Stage 1010 Car Subwoofer - Black,54.99,,
N-GEAR The Flash 610 Portable Bluetooth Karaoke Speaker - Black,49.99,1.85,3.0
LG CM2460DAB Bluetooth Micro Hi-Fi System - Black,151.0,3.9,19.0
JBL IRX108BT Bluetooth Megasound Party Speaker - Black,299.0,4.5,2.0
JBL EON ONE Compact Portable Bluetooth PA System - Black,549.0,5.0,1.0
JBL Charge 5 Portable Bluetooth Speaker - White,159.99,4.7,268.0
KITSOUND BoomBar+ Portable Bluetooth Speaker - Black,25.49,4.0,5.0
JBL Pulse 4 Portable Bluetooth Speaker - Black,219.0,4.9,15.0
AUDIO PRO SW-10 Subwoofer - Black,359.99,,
PHILIPS TAM4505/12 Bluetooth Micro Hi-Fi System - Grey & Black,139.0,3.9,16.0
SONY SRS-RA5000 Wireless Multi-Room Speaker - Black,499.0,3.95,8.0
N-GEAR The Flash 1205 Bluetooth Megasound Party Speaker - Black,89.99,,
LG CM1560DAB Bluetooth Micro Hi-Fi System - Black,86.99,3.45,11.0
DAEWOO AVS1449 Portable Bluetooth Speaker - Black,59.99,5.0,1.0
TIBO Harmony 4 Speakers - Black,99.99,2.25,2.0
JBL IRX112BT Bluetooth Megasound Party Speaker - Black,349.0,2.75,2.0
KITSOUND BoomBar 50 Portable Bluetooth Speaker - Grey,39.99,2.5,2.0
KLIPSCH The Sixes Bluetooth Speakers - Walnut,829.0,,
N-GEAR The Flash 3010 Bluetooth Megasound Party Speaker - Black,229.99,,
ITEK I58058 LED Disco Ball Portable Bluetooth Speaker - Black,29.99,,
JBL Club 6522 Car Speakers - Black,89.99,,
JABRA Connect 4s Desktop Speakerphone,109.0,,
VOLKANO Carnival Series VK-3009-BK Portable Bluetooth Speaker - Black,29.21,1.25,2.0
SOUNDCORE Rave+ A3391G12 Bluetooth Speaker - Black,229.99,,
LENCO MC-150 Bluetooth Micro Hi-Fi System - Grey,129.0,4.15,3.0
JBL BassPro SL2 Underseat Car Subwoofer - Black,229.99,,
NUMARK Mixtrack Platinum FX DJ Controller,230.0,4.9,5.0
JBL Stage2 624 Car Speaker - Black,49.99,,
TIBO SIA-50 Smart Stereo Amplifier - Black,199.99,,
ROCKJAM RJPERFORM-BK Bluetooth Karaoke System,86.99,3.0,1.0
SOUNDCORE Mini 2 Portable Bluetooth Speaker - Black,31.49,4.6,6.0
ROCKJAM RJKSK-BK Bluetooth Karaoke System,129.0,4.5,3.0
"RICATECH Amitabh Bachchan Bluetooth Jukebox - Limited Edition, White & Gold",20000.0,,
ION Party Rocker Express Portable Bluetooth Speaker - Black,79.99,4.45,16.0
YAMAHA MusicCast NX-500 2.0 Bluetooth Monitor Speakers - Black,593.0,,
HAMA DIT2006BT DAB+/FM Network Tuner - Black,199.99,,
LENCO PMX-150 Megasound Party Speaker - Black & Silver,179.0,,
KITSOUND Diggit Portable Bluetooth Speaker - Wood,31.49,4.35,16.0
HAMA Drum 2.0 Portable Bluetooth Speaker - Light Blue,19.99,4.35,3.0
KITSOUND Hive2o Portable Bluetooth Speaker - Pink,16.99,5.0,1.0
VOLKANO Splash Series B30 VK-30000-BK Portable Bluetooth Speaker - Black,28.99,,
HAMA DIT2105SBTX DAB+/FM Network Tuner - Silver,239.0,,
VOLKANO Blaster Series VB-020-BB Portable Bluetooth Speaker - Brown,33.99,,
VOLKANO Barrel Series VK-3410-BK Portable Bluetooth Speaker - Black,39.41,0.5,1.0
CANTON Smart Soundbox 3 Wireless Multi-room Speaker - Black,369.0,,
HERCULES DJSpeaker 32 Party Speakers - Black,69.99,,
"RICATECH Amitabh Bachchan Bluetooth Jukebox - Limited Edition, Black & Gold",20000.0,,
EKIDS MD-067BY.FEv0 Star Wars The Mandalorian The Child Speaker,19.99,,
FLEXSON SONOS One Wall Mount Tilt Speaker Bracket - White,29.99,,
TIBO Plus 3.1 Bluetooth Bookshelf Speakers - Black,179.99,,
KLIPSCH The Fives Bluetooth Speakers - Walnut,829.0,,
VOLKANO Blaster Series VB-020 Portable Bluetooth Speaker - Grey,34.99,4.85,3.0
YAMAHA MusicCast NX-500 2.0 Bluetooth Monitor Speakers - White,618.0,,
HAMA DIT2105SBTX DAB+/FM Network Tuner - Black,249.99,4.15,3.0
DAEWOO AVS1356 Portable Bluetooth Speaker - Black,34.99,4.75,2.0
NUMARK Party Mix DJ Controller - Black,84.99,2.5,2.0
KLIPSCH The Fives Bluetooth Speakers - Matte Black,829.0,5.0,1.0
SOUNDCORE Icon Portable Bluetooth Speaker - Black,49.99,4.5,1.0
SHARP GX-BT280 Portable Bluetooth Speaker - Black,59.99,,
KITSOUND Slam XL Bluetooth Speaker - Black,127.98,4.5,1.0
"STAGG 15"" Portable Speaker with Wireless Microphones",380.0,,
EKIDS Batman Ri-B63BM Portable Bluetooth Speaker,19.99,,
SOUNDCORE Icon Portable Bluetooth Speaker - Black,49.99,4.5,1.0
DAEWOO AVS1492 Bluetooth Karaoke System - Black,129.0,4.6,6.0
VOLKANO Bazooka Squared Series VK-3030-BK Portable Bluetooth Speaker - Black,35.49,2.25,2.0
"SANUS WSSA2-B2 Sonos Play 1 / Play 3 Speaker Stand - Black, Pack of 2",120.0,4.5,1.0
HERCULES DJControl Inpulse 300 - Black,149.99,5.0,2.0
SOUNDCORE Mini 2 Portable Bluetooth Speaker - Black,36.99,4.5,1.0
HERCULES DJControl Starlight - Black,69.99,,
"FLEXSON S1-LPC Sonos Speaker Power Adapter - Black, 5 m",14.99,,
SHARP GX-BT280 Portable Bluetooth Speaker - Blue,59.99,,
SBS Music Hero Octopump Portable Bluetooth Wireless Speaker - Cyan Blue,19.99,,
"FLEXSON S1-LPC Sonos Speaker Power Adapter - White, 5 m",14.99,,
HERCULES P32 DJ Controller - Black,199.0,,
KLIPSCH The Three II Bluetooth Speaker - Matte Black,399.0,5.0,1.0
KLIPSCH The One II Bluetooth Speaker - Walnut,259.0,,
HAMA 00118040 Speaker Wall Mount - Black,29.99,,
KITSOUND Diggit KSDIGGITBK Portable Bluetooth Speaker - Grey & Black,39.99,5.0,2.0
EKIDS Joker Ri-B63JK Portable Bluetooth Speaker,19.99,,
KLIPSCH The One II Bluetooth Speaker - Matte Black,259.0,5.0,1.0
FLEXSON FLXS1DS1021C Desk Stand for Sonos One & PLAY:1 - Black,24.99,5.0,1.0
VOLKANO Typhoon Series Portable Bluetooth Speaker - Black,33.99,,
DAEWOO AVS1493 Bluetooth Karaoke System - White,56.99,0.5,1.0
B-AKTIV Outdoor Audio Set,29.99,,
SHARP GX-BT280 Portable Bluetooth Speaker - Grey,59.99,,
AUDIO PRO Addon C-SUB Wireless Multi-room Subwoofer - Black,382.0,4.0,1.0
EKIDS Harry Potter Ri-B63HP Portable Bluetooth Speaker,19.99,,
"FLEXSON FLXS1WM2011 SONOS One Wall Mount Tilt Speaker Bracket - Twin Pack, White",54.99,4.5,1.0
EKIDS Vi-B72SM Spider-Man Portable Bluetooth Speaker,39.99,,
VOLKANO Fabric Series VK-3020-GRL Portable Bluetooth Speaker - Beige,21.99,1.75,2.0
KLIPSCH The Three II Bluetooth Speaker - Walnut,399.0,,
FRESH N REBEL Rockbox Bold M Portable Bluetooth Speaker - Dusty Pink,79.99,,
CONNECTED ESSENTIALS CES500 SONOS PLAY:1 Floorstand - White,49.99,4.0,10.0
FLEXSON FLXSARWM1021 Fixed Sonos Arc Sound Bar Bracket - Black,59.99,,
LEXIBOOK RCDK100FZ CD Player with Microphones - Disney Frozen 2,39.99,5.0,3.0
FLEXSON FLXP5WMV1021S Sonos Five & Play:5 Wall Mount Tilt & Swivel Speaker Bracket - Black,89.99,,
CONNECTED ESSENTIALS CES500 SONOS PLAY:1 Floorstand - Black,45.0,4.0,10.0
FLEXSON FLXS1FS1021EU SONOS One Floorstand Fixed Speaker Bracket - Black,49.99,,
AUDIO PRO D-1 Wireless Multi-room Speaker - Grey,340.0,,
KLIPSCH Heritage Groove Portable Bluetooth Speaker - Walnut,155.0,,
FRESH N REBEL Rockbox Bold M Portable Bluetooth Speaker - Ruby Red,79.99,,
FRESH N REBEL Rockbox Bold XS Portable Bluetooth Speaker - Ruby Red,39.99,,
FLEXSON FLXSMWM1012 Sonos Move Wall Mount Fixed Speaker Bracket - White,19.99,,
FLEXSON FLXS1AFS2021 Sonos One & Play:1 Floorstand Fixed Speaker Bracket Pair - Black,139.99,,
FLEXSON FLXS1CM1011A Sonos One & Play:1 Tilt & Swivel Ceiling Mount - White,99.99,,
AKAI A58102 Portable Bluetooth Speaker - Pink,34.99,,
"FLEXSON FLXS1WM2021 SONOS One Wall Mount Tilt Speaker Bracket - Twin Pack, Black",40.99,5.0,1.0
FLEXSON FLXS1DS1011 Desk Stand for Sonos One & PLAY:1 - White,24.99,5.0,1.0
KLIPSCH Heritage Groove Portable Bluetooth Speaker - Matte Black,149.0,,
FLEXSON FLXSARWM1011 Fixed Sonos Arc Sound Bar Bracket - White,59.99,,
"FLEXSON S1-SPC Sonos Speaker Power Adapter - White, 0.35 m",9.99,,
"FLEXSON FLXS1FS2021EU SONOS One Floorstand Fixed Speaker Bracket - Twin Pack, Black",108.0,4.5,1.0
HERCULES Universal DJ Controller - Black,179.99,,
FLEXSON FLXSUBB Sonos Sub Wall Mount Fixed Speaker Bracket - Black,49.99,,
AUDIO PRO D-1 Wireless Multi-room Speaker - White,350.0,,
FLEXSON FLXS5FS1021 Sonos Five & Play:5 Floorstand Fixed Speaker Bracket - Black,109.99,,
FLEXSON FLXS1AFS2021 Sonos One & Play:1 Adjustable Floorstand Pair - Black,139.0,5.0,1.0
FLEXSON FLXS5FS1011 Sonos Five & Play:5 Floorstand Fixed Speaker Bracket - White,109.99,,
AUDIO PRO A26 Wireless Bookshelf Speakers - Black,495.0,5.0,1.0
DAEWOO AVS1301 Bluetooth Karaoke System - White,84.99,3.9,4.0
FRESH N REBEL Rockbox Bold XS Portable Bluetooth Speaker - Ice Grey,38.99,0.5,1.0
FLEXSON FLXS1AFS2011 Sonos One & Play:1 Floorstand Fixed Speaker Bracket Pair - White,139.99,,
FLEXSON FLXP5WMV1011S Sonos Five & Play:5 Wall Mount Tilt & Swivel Speaker Bracket - White,89.99,,
FRESH N REBEL Rockbox Bold XS Portable Bluetooth Speaker - Dusty Pink,38.99,4.0,1.0
"FLEXSON FLXS1FS2011EU SONOS One Floorstand Fixed Speaker Bracket - Twin Pack, White",89.0,4.65,3.0
"FLEXSON S1-SPC Sonos Speaker Power Adapter - Black, 0.35 m",9.99,,
AUDIO PRO D-1 Wireless Multi-room Speaker - Black,350.0,,
FLEXSON FLXSMWM1022 Sonos Move Wall Mount Fixed Speaker Bracket - Black,19.99,,
