Product Name,Category,Price (£),Customer Rating,Rating Count
"HISENSE 55A7GQTUK 55"" Smart 4K Ultra HD HDR QLED TV with Alexa & Google Assistant",TV,449.0,4.6,115.0
"LG OLED83C14LA 83"" Smart 4K Ultra HD HDR OLED TV with Google Assistant & Amazon Alexa",TV,3999.0,4.8,284.0
"LG OLED65C14LB 65"" Smart 4K Ultra HD HDR OLED TV with Google Assistant & Amazon Alexa",TV,1399.0,4.8,445.0
"LG OLED55A16LA 55"" Smart 4K Ultra HD HDR OLED TV with Google Assistant & Amazon Alexa",TV,719.0,4.8,197.0
"HISENSE 50A6GTUK 50"" Smart 4K Ultra HD HDR LED TV with Alexa & Google Assistant",TV,279.0,4.5,77.0
"HISENSE 43A6GTUK 43"" Smart 4K Ultra HD HDR LED TV with Alexa & Google Assistant",TV,229.0,4.5,75.0
"LG 43UP75006LF 43"" Smart 4K Ultra HD HDR LED TV",TV,249.0,4.3,115.0
"LG OLED55C14LB 55"" Smart 4K Ultra HD HDR OLED TV with Google Assistant & Amazon Alexa",TV,1051.0,4.7,385.0
"LG 50UP75006LF 50"" Smart 4K Ultra HD HDR LED TV",TV,299.0,4.3,120.0
"SAMSUNG UE75TU7020KXXU 75"" Smart 4K Ultra HD HDR LED TV",TV,749.0,4.5,350.0
"HISENSE 32A4GTUK 32"" Smart HD Ready LED TV with Amazon Alexa",TV,159.0,4.4,43.0
"LG 22TN410V 21.5"" Full HD LED TV Monitor",TV,,,
"LG 22TN410V 21.5"" Full HD LED TV Monitor",TV,329.0,4.5,77.0
"HISENSE 55A6GTUK 55"" Smart 4K Ultra HD HDR LED TV with Alexa & Google Assistant",TV,329.0,4.3,116.0
"LG 55UP75006LF 55"" Smart 4K Ultra HD HDR LED TV",TV,470.0,4.3,119.0
"LG 65UP75006LF 65"" Smart 4K Ultra HD HDR LED TV",TV,,,
,TV,289.0,4.5,38.0
"LG 43UP77006LB 43"" Smart 4K Ultra HD HDR LED TV with Google Assistant & Amazon Alexa",TV,289.0,4.1,9.0
"TOSHIBA 50UK3163DB 50"" Smart 4K Ultra HD HDR LED TV with Amazon Alexa",TV,,,
,TV,599.0,4.8,104.0
"LG OLED48A16LA 48"" Smart 4K Ultra HD HDR OLED TV with Google Assistant & Amazon Alexa",TV,,,
,TV,179.0,3.9,23.0
"TOSHIBA 32WK3C63DB 32"" Smart HD Ready HDR LED TV with Amazon Alexa",TV,449.0,4.5,75.0
"HISENSE 65A6GTUK 65"" Smart 4K Ultra HD HDR LED TV with Alexa & Google Assistant",TV,699.0,4.5,99.0
"LG 75UP75006LC 75"" Smart 4K Ultra HD HDR LED TV",TV,,,
,TV,1199.0,4.8,296.0
"LG OLED65A16LA 65"" Smart 4K Ultra HD HDR OLED TV with Google Assistant & Amazon Alexa",TV,,,
,TV,449.0,4.6,115.0
"HISENSE 55A7GQTUK 55"" Smart 4K Ultra HD HDR QLED TV with Alexa & Google Assistant",TV,,,
,TV,319.0,4.5,29.0
"LG 50UP77006LB 50"" Smart 4K Ultra HD HDR LED TV with Google Assistant & Amazon Alexa",TV,,,
,TV,329.0,4.3,48.0
,TV,829.0,4.7,105.0
"TOSHIBA 55UL2163DBC 55"" Smart 4K Ultra HD HDR LED TV",TV,249.0,4.3,10.0
"LG OLED55B16LA 55"" Smart 4K Ultra HD HDR OLED TV with Google Assistant & Amazon Alexa",TV,,,
"TOSHIBA 43UK3163DB 43"" Smart 4K Ultra HD HDR LED TV with Amazon Alexa",TV,,,
,TV,399.0,4.6,117.0
"HISENSE 50A7GQTUK 50"" Smart 4K Ultra HD HDR QLED TV with Alexa & Google Assistant",TV,339.0,5.0,3.0
"TOSHIBA 55UK3163DB 55"" Smart 4K Ultra HD HDR LED TV with Amazon Alexa",TV,329.0,4.6,116.0
"HISENSE 43A7GQTUK 43"" Smart 4K Ultra HD HDR QLED TV with Alexa & Google Assistant",TV,,,
,TV,449.0,2.9,7.0
"TOSHIBA 65UK3163DB 65"" Smart 4K Ultra HD HDR LED TV with Amazon Alexa",TV,,,
,TV,619.0,4.6,115.0
"HISENSE 65A7GQTUK 65"" Smart 4K Ultra HD HDR QLED TV with Alexa & Google Assistant",TV,,,
,TV,349.0,4.5,38.0
"LG 55UP77006LB 55"" Smart 4K Ultra HD HDR LED TV with Google Assistant & Amazon Alexa",TV,,,
,TV,869.0,4.7,346.0
"LG OLED48C14LB 48"" Smart 4K Ultra HD HDR OLED TV & UltraGear GP9 Gaming Speaker Bundle",TV,,,
,TV,599.0,4.8,104.0
"LG OLED48A16LA 48"" Smart 4K Ultra HD HDR OLED TV & UltraGear GP9 Gaming Speaker Bundle",TV,,,
,TV,3999.0,4.8,284.0
"LG OLED83C14LA 83"" Smart 4K Ultra HD HDR OLED TV & Wireless Sound Bar Bundle",TV,,,
,TV,199.0,4.4,39.0
"HISENSE 40A4GTUK 40"" Smart Full HD LED TV with Amazon Alexa",TV,,,
,TV,229.0,3.9,70.0
"TOSHIBA 43UL2163DBC 43"" Smart 4K Ultra HD HDR LED TV",TV,,,
,TV,699.0,4.5,73.0
"LG 65NANO806PA 65"" Smart 4K Ultra HD HDR LED TV with Google Assistant & Amazon Alexa",TV,,,
,TV,99.0,,
,TV,99.0,,
"SAMSUNG Modern 65"" Customisable Frame Bezel - White",TV,99.0,,
"SAMSUNG Modern 65"" Customisable Frame Bezel - White",TV,,,
"SAMSUNG Modern 65"" Customisable Frame Bezel - White",TV,,,
,TV,99.0,,
"SAMSUNG Bevelled 65"" Customisable Frame Bezel - White",TV,,,
,Phones,,4.1,22.0
,Phones,599.0,4.6,14.0
"SAMSUNG Galaxy S21 FE 5G - 128 GB, Graphite",Phones,729.0,,
,Phones,,4.8,28.0
"APPLE iPhone 13 - 128 GB, Blue",Phones,,5.0,4.0
,Phones,729.0,5.0,3.0
,Phones,1049.0,,
"APPLE iPhone 13 - 128 GB, Midnight",Phones,949.0,1.0,1.0
"APPLE iPhone 13 Pro Max - 128 GB, Graphite",Phones,,4.8,50.0
"APPLE iPhone 13 Pro - 128 GB, Alpine Green",Phones,419.0,3.5,10.0
,Phones,429.0,,
"APPLE iPhone SE (2022) - 64 GB, Midnight",Phones,379.0,3.2,24.0
"APPLE iPhone 11 - 64 GB, Black",Phones,,4.3,14.0
"SAMSUNG Galaxy A53 5G - 128 GB, Black",Phones,179.0,,
,Phones,149.0,,
"SAMSUNG Galaxy A22 5G – 64 GB, Grey",Phones,,3.3,19.0
"SAMSUNG Galaxy A13 - 64 GB, Black",Phones,159.99,4.6,13.0
,Phones,179.0,,
"HONOR X7 - 128 GB, Midnight Black",Phones,144.0,4.9,12.0
"SAMSUNG Galaxy A22 5G – 64 GB, Violet",Phones,,4.4,18.0
"XIAOMI Redmi Note 10 5G - 128 GB, Graphite Gray",Phones,629.0,5.0,2.0
,Phones,429.0,5.0,4.0
"APPLE iPhone 11 - 64 GB, White",Phones,729.0,,
"APPLE iPhone 11 - 64 GB, Purple",Phones,1049.0,,
"APPLE iPhone 13 - 128 GB, Starlight",Phones,,5.0,2.0
"APPLE iPhone 13 Pro Max - 128 GB, Sierra Blue",Phones,,3.6,14.0
,Phones,949.0,,
,Phones,379.0,3.7,9.0
"APPLE iPhone 13 Pro Max - 128 GB, Gold",Phones,,,
"SAMSUNG Galaxy A53 5G - 128 GB, Blue",Phones,149.0,3.3,13.0
,Phones,,4.7,6.0
"SAMSUNG Galaxy A13 - 64 GB, White",Phones,179.0,,
,Phones,829.0,,
"SAMSUNG Galaxy A22 5G – 64 GB, White",Phones,,4.8,10.0
"APPLE iPhone 13 - 256 GB, Midnight",Phones,,4.1,21.0
,Phones,729.0,5.0,1.0
,Phones,599.0,,
"APPLE iPhone 13 - 128 GB, (PRODUCT)RED",Phones,109.99,,
"SAMSUNG Galaxy S21 FE 5G - 128 GB, Olive Green",Phones,,,
"MOTOROLA Moto E30 - 32 GB, Digital Blue",Phones,,,
,Phones,169.99,,
,Phones,,4.6,10.0
"MOTOROLA Moto G31 - 64 GB, Mineral Grey",Phones,,,
,Phones,499.0,,
,Phones,419.0,,
"SAMSUNG Galaxy S20 FE (2021) - 128 GB, Cloud Lavender",Phones,,,
"APPLE iPhone SE (2022) - 64 GB, Starlight",Phones,,,
,Phones,,4.7,9.0
,Phones,159.0,,
"OPPO A16s - 64 GB, Black",Phones,,5.0,4.0
,Phones,829.0,,
"APPLE iPhone 13 - 256 GB, Pink",Phones,,4.6,10.0
,Phones,679.0,4.9,34.0
"APPLE iPhone 12 - 128 GB, White",Phones,629.0,5.0,1.0
,Phones,169.99,3.2,12.0
"APPLE iPhone 12 - 64 GB, Blue",Phones,419.0,,
"MOTOROLA Moto G31 - 64 GB, Baby Blue",Phones,379.0,,
"APPLE iPhone SE (2022) - 64 GB, (PRODUCT)RED",Phones,,4.0,1.0
"SAMSUNG Galaxy A53 5G - 128 GB, Peach",Phones,,,
,Phones,469.0,3.5,4.0
"APPLE iPhone SE (2022) - 128 GB, Midnight",Phones,289.0,1.3,3.0
"XIAOMI Redmi Note 11 Pro 5G - 128 GB, Graphite Gray",Phones,174.0,,
"XIAOMI Redmi Note 11 - 128 GB, Twilight Blue",Phones,,,
,Phones,1029.0,,
"APPLE iPhone 13 - 512 GB, Midnight",Phones,,,
,Phones,329.0,4.4,14.0
,Phones,,5.0,1.0
"SAMSUNG Galaxy A33 5G - 128 GB, Awesome Black",Phones,529.0,,
,Phones,829.0,,
"APPLE iPhone 12 Mini - 64 GB, Black",Phones,,,
"APPLE iPhone 13 - 256 GB, Starlight",Phones,,,
,Phones,149.99,4.6,33.0
"MOTOROLA Moto G22 - 64 GB, Cosmic Black",Phones,299.0,4.2,5.0
"OPPO Find X3 Lite - 128 GB, Astral Blue",Phones,529.0,3.5,10.0
"APPLE iPhone 12 - 64 GB, Green",Phones,379.0,,
"SAMSUNG Galaxy A53 5G - 128 GB, White",Phones,,,
,Phones,,4.5,15.0
,Phones,,5.0,5.0
,Phones,579.0,,
,Phones,1329.0,,
"APPLE iPhone 12 Mini - 128 GB, Blue",Phones,,,
"SAMSUNG Galaxy S22 Ultra 5G - 512 GB, Green",Phones,,,
,Phones,,5.0,7.0
,Phones,149.99,5.0,1.0
,Phones,1149.0,,
"MOTOROLA Moto G22 - 64 GB, Iceberg Blue",Phones,469.0,,
"APPLE iPhone 13 Pro - 256 GB, Sierra Blue",Phones,,5.0,1.0
"APPLE iPhone SE (2022) - 128 GB, (PRODUCT)RED",Phones,,,
,Phones,469.0,,
"APPLE iPhone SE (2022) - 128 GB, Starlight",Phones,,,
,Phones,,5.0,2.0
,Phones,329.0,,
"SAMSUNG Galaxy A33 5G - 128 GB, Awesome White",Phones,,,
,Phones,,2.4,16.0
,Phones,159.99,,
,Phones,899.0,,
"HONOR X7 - 128 GB, Ocean Blue",Phones,329.0,,
"SAMSUNG Galaxy Z Flip3 5G - 256 GB, Lavender",Phones,329.0,,
"SAMSUNG Galaxy A33 5G - 128 GB, Awesome Orange",Phones,,5.0,5.0
"SAMSUNG Galaxy A33 5G - 128 GB, Awesome Blue",Phones,,,
,Phones,629.0,,
,Phones,,4.2,5.0
"APPLE iPhone 12 - 64 GB, (PRODUCT)RED",Phones,,4.7,15.0
,Phones,529.0,,
,Phones,1049.0,5.0,2.0
"APPLE iPhone 12 Mini - 64 GB, Green",Phones,,4.1,21.0
"OPPO Find X5 Pro - 256 GB, Ceramic White",Phones,379.99,,
,Phones,599.0,,
"HONOR 50 - 256 GB, Midnight Black",Phones,,,
"SAMSUNG Galaxy S21 FE 5G - 128 GB, White",Phones,,5.0,2.0
,Phones,,4.9,10.0
,Phones,779.0,,
,Phones,529.0,2.4,16.0
"APPLE iPhone 12 - 256 GB, White",Phones,,,
"APPLE iPhone 12 Mini - 64 GB, White",Phones,712.0,,
,Phones,679.0,,
"SAMSUNG Galaxy Z Flip3 5G - 128 GB, Cream",Phones,,2.4,16.0
"XIAOMI 12 - 256 GB, Blue",Phones,,,
,Phones,849.0,,
,Phones,199.99,1.0,1.0
"SAMSUNG Galaxy Z Flip3 5G - 128 GB, Green",Phones,,2.6,18.0
"HONOR X8 - 128 GB, Titanium Silver",Phones,499.0,,
,Phones,712.0,,
"XIAOMI 11T 5G - 128 GB, Meteorite Grey",Phones,329.99,5.0,1.0
"SAMSUNG Galaxy Z Flip3 5G - 128 GB, Lavender",Phones,199.99,,
"HONOR 50 - 128 GB, Midnight Black",Phones,1349.0,,
"HONOR X8 - 128 GB, Midnight Black",Phones,159.99,,
"APPLE iPhone 13 - 512 GB, Blue",Phones,,,
"HONOR X7 - 128 GB, Titanium Silver",Phones,,,
,Phones,1049.0,,
"XIAOMI 12 PRO - 256 GB, Grey",Phones,,,
,Phones,,1.0,2.0
,Phones,,5.0,1.0
,Phones,1029.0,,
,Phones,569.0,,
"APPLE iPhone 13 - 512 GB, Pink",Phones,1029.0,4.5,4.0
"APPLE iPhone SE (2022) - 256 GB, Midnight",Phones,,,
"APPLE iPhone 13 - 512 GB, Green",Phones,379.99,,
,Phones,,4.7,18.0
"HONOR 50 - 256 GB, Frost Crystal",Phones,,,
,Phones,599.0,,
,Phones,,5.0,4.0
"OPPO Find X3 Neo - 256 GB, Starlight Black",Phones,,,
,Phones,579.0,,
"APPLE iPhone 12 Mini - 128 GB, (PRODUCT)RED",Phones,199.99,,
"HONOR X8 - 128 GB, Ocean Blue",Phones,,2.3,16.0
,Phones,,4.6,7.0
,Phones,899.0,,
,Phones,1049.0,,
"SAMSUNG Galaxy Z Flip3 5G - 256 GB, Green",Phones,,,
"APPLE iPhone 13 Pro - 256 GB, Graphite",Phones,,,
,Phones,,4.8,5.0
,Phones,,3.0,3.0
,Phones,329.99,,
,Phones,679.0,,
"HONOR 50 - 128 GB, Emerald Green",Phones,569.0,,
"APPLE iPhone 12 Mini - 256 GB, Black",Phones,,2.9,25.0
"APPLE iPhone SE (2022) - 256 GB, (PRODUCT)RED",Phones,,,
,Phones,649.0,,
"SAMSUNG Galaxy Z Flip3 5G - 256 GB, Cream",Phones,,,
,Phones,,3.2,6.0
,Phones,54.99,,
"ALCATEL 1 - 8 GB, Black",Phones,,,
,Phones,,5.0,1.0
,Phones,419.0,,
"APPLE iPhone SE - 64 GB, Red",Phones,,,
,Phones,,5.0,1.0
,Phones,1349.0,,
"APPLE iPhone 13 Pro - 512 GB, Sierra Blue",Phones,,,
,Phones,,5.0,2.0
,Phones,,4.6,7.0
,Phones,949.0,4.9,31.0
,Phones,1049.0,,
"APPLE iPhone 13 Pro - 128 GB, Gold",Phones,679.0,,
"APPLE iPhone 13 Pro Max - 256 GB, Graphite",Phones,,,
"APPLE iPhone 12 - 128 GB, Black",Phones,,,
,Phones,,4.4,17.0
,Phones,479.0,,
"APPLE iPhone 11 - 128 GB, Black",Phones,,5.0,7.0
,Phones,,5.0,1.0
,Phones,1149.0,3.0,3.0
,Phones,1349.0,3.7,6.0
"APPLE iPhone 13 Pro Max - 256 GB, Sierra Blue",Phones,679.0,,
"APPLE iPhone 13 Pro Max - 512 GB, Sierra Blue",Phones,1249.0,,
"APPLE iPhone 12 - 256 GB, Black",Phones,,,
"SAMSUNG Galaxy S22 Ultra 5G - 256 GB, Green",Phones,,4.1,21.0
,Phones,599.0,,
"SAMSUNG Galaxy S21 FE 5G - 128 GB, Lavender",Phones,,3.7,7.0
,Phones,1049.0,,
,Phones,1149.0,,
"APPLE iPhone 13 Pro - 256 GB, Alpine Green",Phones,,,
"SAMSUNG Galaxy S22 Ultra 5G - 128 GB, Green",Phones,,,
"APPLE iPhone 11 - 128 GB, White",Phones,479.0,4.8,6.0
"APPLE iPhone 11 - 128 GB, Purple",Phones,479.0,4.8,12.0
"APPLE iPhone 13 Pro Max - 256 GB, Silver",Phones,1149.0,5.0,5.0
"APPLE iPhone 13 Pro Max - 512 GB, Silver",Phones,1349.0,5.0,1.0
"APPLE iPhone 13 Pro - 512 GB, Silver",Phones,1349.0,5.0,1.0
"XIAOMI 12 Pro - 256 GB, Blue",Phones,1049.0,,
"XIAOMI 12 - 256 GB, Purple",Phones,679.0,,
"APPLE iPhone SE - 256 GB, Red",Phones,569.0,,
"XIAOMI Redmi Note 10 Pro - 128 GB, Onyx Gray",Phones,219.99,4.6,21.0
"APPLE iPhone 11 - 256 GB, Yellow",Phones,1449.0,,
"APPLE iPhone SE - 128 GB, Red",Phones,469.0,5.0,1.0
"APPLE iPhone 11 - 256 GB, Purple",Phones,1449.0,5.0,1.0
"APPLE iPhone 11 - 256 GB, Green",Phones,1349.0,5.0,2.0
SONY WF-1000XM4 Wireless Bluetooth Noise-Cancelling Earbuds - Black,Headphones,219.0,4.4,338.0
SONY WF-1000XM4 Wireless Bluetooth Noise-Cancelling Earbuds - Silver,Headphones,219.0,4.4,337.0
SONY WH-1000XM5 Wireless Bluetooth Noise-Cancelling Headphones - Black,Headphones,380.0,5.0,7.0
SONY WH-1000XM5 Wireless Bluetooth Noise-Cancelling Headphones - Silver,Headphones,380.0,5.0,6.0
SONY WF-C500 Wireless Bluetooth Earbuds - Black,Headphones,64.0,4.5,106.0
SAMSUNG Galaxy Buds Pro Wireless Bluetooth Noise-Cancelling Sports Earbuds - Phantom Black,Headphones,179.0,4.0,2208.0
SAMSUNG Galaxy Buds 2 - White,Headphones,99.0,4.4,56.0
APPLE AirPods Pro with MagSafe Charging Case - White,Headphones,39.99,1.0,1.0
APPLE EarPods with Lightning Connector - White,Headphones,36.0,,
SONY WH-1000XM4 Wireless Bluetooth Noise-Cancelling Headphones - Black,Headphones,279.0,4.5,869.0
BEATS Solo 3 Wireless Bluetooth Headphones - Black,Headphones,24.99,4.2,86.0
SONY WH-CH510 Wireless Bluetooth Headphones - Black,Headphones,41.99,4.2,137.0
JLAB AUDIO GO Air POP Wireless Bluetooth Earbuds - Black,Headphones,19.99,4.7,1379.0
BEATS Powerbeats Pro Wireless Bluetooth Sports Earphones - Black,Headphones,199.0,4.8,32.0
SONY WH-1000XM4 Wireless Bluetooth Noise-Cancelling Headphones - Blue,Headphones,279.0,4.5,869.0
SONY WH-CH710N Wireless Bluetooth Noise-Cancelling Headphones - Black,Headphones,95.0,3.6,44.0
SONY WF-C500 Wireless Bluetooth Earbuds - Green,Headphones,64.0,4.5,106.0
BEATS Studio Buds Wireless Bluetooth Noise-Cancelling Earbuds - Black,Headphones,109.0,4.1,64.0
SAMSUNG Galaxy Buds Pro Wireless Bluetooth Noise-Cancelling Sports Earbuds - Phantom Silver,Headphones,179.0,4.0,2208.0
SKULLCANDY Hesh ANC Wireless Bluetooth Noise-Cancelling Headphones - White,Headphones,119.0,4.6,23.0
SONY WH-CH510 Wireless Bluetooth Headphones - Blue,Headphones,41.99,4.2,137.0
SONY WH-CH510 Wireless Bluetooth Headphones - White,Headphones,41.99,4.2,137.0
SONY WF-1000XM3 Wireless Bluetooth Noise-Cancelling Earbuds - Silver,Headphones,94.0,4.1,996.0
SONY WH-CH710N Wireless Bluetooth Noise-Cancelling Headphones - Blue,Headphones,95.0,3.6,44.0
JLAB AUDIO Go Air Sport Wireless Bluetooth Earbuds - Graphite,Headphones,29.99,4.6,181.0
SONY WF-C500 Wireless Bluetooth Earbuds - White,Headphones,64.0,4.5,106.0
BEATS Flex Wireless Bluetooth Earphones - Beats Black,Headphones,199.0,4.6,40.0
BOSE Sport Wireless Bluetooth Earbuds - Black,Headphones,219.0,4.4,338.0
SKULLCANDY Sesh Evo True Wireless Bluetooth Earphones - Black,Headphones,49.0,3.9,52.0
SONY WF-C500 Wireless Bluetooth Earbuds - Orange,Headphones,64.0,4.5,106.0
SONY WH-CH710N Wireless Bluetooth Noise-Cancelling Headphones - White,Headphones,95.0,3.6,44.0
KITSOUND Engage 2 Wireless Bluetooth Noise-Cancelling Headphones - Black,Headphones,39.99,3.3,3.0
SAMSUNG Galaxy Buds Pro Wireless Bluetooth Noise-Cancelling Sports Earbuds - Phantom Violet,Headphones,179.0,4.0,2208.0
BEATS Powerbeats Pro Wireless Bluetooth Sports Earphones - Ivory,Headphones,199.0,4.8,32.0
BEATS Studio Buds Wireless Bluetooth Noise-Cancelling Earbuds - Red,Headphones,109.0,4.1,64.0
SONY Extra Bass MDR-XB55AP Earphones - Black,Headphones,24.99,,
SENNHEISER HD 250BT Wireless Bluetooth Headphones - Black,Headphones,39.0,4.0,1.0
SENNHEISER Momentum Wireless Bluetooth Noise-Cancelling Headphones - Black,Headphones,219.0,,
SONY LinkBuds Wireless Bluetooth Earbuds - White,Headphones,180.0,,
KITSOUND Edge 20 Wireless Bluetooth Earbuds - Black,Headphones,19.99,5.0,1.0
LG TONE Free UFP9 Wireless Bluetooth Noise-Cancelling Earbuds - Black,Headphones,129.0,4.6,122.0
HUAWEI Freebuds Pro Wireless Bluetooth Noise-Cancelling Earphones - Carbon Black,Headphones,87.99,4.2,5.0
JLAB AUDIO GO Air Wireless Bluetooth Earbuds - Black,Headphones,29.99,4.6,181.0
SONY LinkBuds S Wireless Bluetooth Noise-Cancelling Earbuds - Black,Headphones,180.0,,
JABRA Elite Active 4 Wireless Bluetooth Noise-Cancelling Sports Earbuds - Navy,Headphones,99.0,4.9,60.0
LG TONE Free UFP8 Wireless Bluetooth Noise-Cancelling Earbuds - Black,Headphones,99.0,4.7,66.0
BEATS Studio Buds Wireless Bluetooth Noise-Cancelling Earbuds - Pink,Headphones,129.0,5.0,1.0
SONY Extra Bass MDR-XB55AP Earphones - Blue,Headphones,24.99,5.0,1.0
SONY Extra Bass MDR-XB55AP Earphones - Red,Headphones,24.99,,
BEATS Studio Buds Wireless Bluetooth Noise-Cancelling Earbuds - Grey,Headphones,129.0,5.0,1.0
JABRA Elite 3 Wireless Bluetooth Earbuds - Grey,Headphones,59.0,4.8,70.0
JABRA Elite 7 Pro Wireless Bluetooth Noise-Cancelling Earbuds - Black,Headphones,149.0,4.9,61.0
JABRA Elite Active 4 Wireless Bluetooth Noise-Cancelling Sports Earbuds - Mint,Headphones,99.0,4.9,60.0
JABRA Elite Active 4 Wireless Bluetooth Noise-Cancelling Sports Earbuds - Black,Headphones,99.0,4.9,60.0
LG TONE Free UFP8 Wireless Bluetooth Noise-Cancelling Earbuds - White,Headphones,99.0,4.6,50.0
LG TONE Free UFP5 Wireless Bluetooth Noise-Cancelling Earbuds - Black,Headphones,79.0,4.6,55.0
SENNHEISER CX 80S Earphones - Black,Headphones,24.99,4.0,1.0
SKULLCANDY Jib True Wireless Bluetooth Earphones - Blue,Headphones,39.0,4.0,74.0
LG TONE Free UFP5 Wireless Bluetooth Noise-Cancelling Earbuds - White,Headphones,79.0,4.4,47.0
SONY LinkBuds S Wireless Bluetooth Noise-Cancelling Earbuds - White,Headphones,180.0,,
SHURE AONIC 3 Earphones - Black,Headphones,139.0,,
BEATS Studio Buds Wireless Bluetooth Noise-Cancelling Earbuds - Blue,Headphones,129.0,,
SKULLCANDY Crusher ANC Wireless Bluetooth Noise-Cancelling Headphones - Black,Headphones,249.0,5.0,2.0
SONY LinkBuds S Wireless Bluetooth Noise-Cancelling Earbuds - Ecru,Headphones,180.0,,
JLAB AUDIO JBuddies Studio Kids Headphones - Blue,Headphones,12.99,4.4,82.0
TWELVE SOUTH AirSnap AirPod Pro Case Cover - Black,Headphones,34.99,,
JLAB AUDIO JBuds Band Wireless Bluetooth Earphones - Black,Headphones,29.99,4.3,48.0
SHURE AONIC 4 Headphones - Black,Headphones,209.99,5.0,1.0
JLAB AUDIO Studio Wireless Bluetooth Headphones - Black,Headphones,29.99,4.2,161.0
UAG AirPods Pro Case - Black,Headphones,34.99,,
JLAB AUDIO JBuddies Studio Kids Headphones - Purple,Headphones,12.99,4.4,82.0
JLAB AUDIO JBuds Pro Earphones - Black,Headphones,12.99,4.3,313.0
"APPLE 11"" iPad Pro (2021) - 128 GB, Space Grey",Tablets,749.0,4.8,18.0
"APPLE 11"" iPad Pro (2021) - 256 GB, Space Grey",Tablets,849.0,4.9,14.0
"LENOVO Yoga Tab 11 Tablet - 128 GB, Grey",Tablets,249.99,5.0,3.0
"APPLE 11"" iPad Pro (2021) - 256 GB, Silver",Tablets,849.0,4.9,14.0
"SAMSUNG Galaxy Tab S8 11"" Tablet - 128 GB, Silver",Tablets,549.0,5.0,1.0
"APPLE 11"" iPad Pro Cellular (2021) - 128 GB, Space Grey",Tablets,749.0,4.8,18.0
"APPLE 11"" iPad Pro Cellular (2021) - 256 GB, Space Grey",Tablets,849.0,4.9,14.0
"PEBBLE GEAR Disney Mickey & Friends 7"" Kids Tablet - 16 GB",Tablets,99.99,5.0,1.0
"SAMSUNG Galaxy Tab S8 11"" Tablet - 128 GB, Silver",Tablets,549.0,5.0,1.0
BOSCH Serie 6 WAU28T64GB 9 kg 1400 Spin Washing Machine - White,Washing Machine,479.0,4.7,252.0
SAMSUNG Series 6 AddWash + Auto Dose WW90T684DLH/S1 WiFi-enabled 9 kg 1400 Spin Washing Machine - White,Washing Machine,569.0,4.6,54.0
SAMSUNG Series 5+ AddWash WW90T554DAN/S1 WiFi-enabled 9 kg 1400 Spin Washing Machine - Graphite,Washing Machine,479.0,4.5,169.0
SAMSUNG Series 5 ecobubble WW90TA046AX/EU 9 kg 1400 Spin Washing Machine - Graphite,Washing Machine,449.0,4.6,1583.0
SAMSUNG Series 5 ecobubble WW90TA046AE/EU 9 kg 1400 Spin Washing Machine - White,Washing Machine,449.0,4.5,248.0
HOTPOINT NSWM 1043C GG UK N 10 kg 1400 Spin Washing Machine - Graphite,Washing Machine,419.0,5.0,1.0
SAMSUNG Series 5+ AddWash WW90T554DAW/S1 WiFi-enabled 9 kg 1400 Spin Washing Machine - White,Washing Machine,479.0,4.5,164.0
SAMSUNG Series 5+ Auto Dose WW90T534DAW/S1 WiFi-enabled 9 kg 1400 Spin Washing Machine,Washing Machine,479.0,4.4,83.0
SAMSUNG Series 5+ Auto Dose WW90T534DAN/S1 WiFi-enabled 9 kg 1400 Spin Washing Machine - Graphite,Washing Machine,479.0,4.4,89.0
HOOVER H-Wash 300 H3W 68TME NFC 8 kg 1600 Spin Washing Machine - White,Washing Machine,349.0,5.0,2.0
HOOVER H-Wash 300 H3W 68TMGGE 8 kg 1600 Spin Washing Machine - Graphite,Washing Machine,359.99,4.0,1.0
BOSCH Serie 4 WAN28081GB 7 kg 1400 Spin Washing Machine - White,Washing Machine,379.0,4.5,79.0
SAMSUNG Series 5 ecobubble WW80TA046AX/EU 8 kg 1400 Spin Washing Machine - Graphite,Washing Machine,409.0,4.5,257.0
SAMSUNG Series 5 ecobubble WW70TA046TE/EU 7 kg 1400 Spin Washing Machine - White,Washing Machine,409.0,4.5,231.0
SAMSUNG Series 5+ AddWash WW80T554DAN/S1 WiFi-enabled 8 kg 1400 Spin Washing Machine - Graphite,Washing Machine,439.0,4.5,162.0
BOSCH Serie 4 WAN282X1GB 8 kg 1400 Spin Washing Machine - Silver Inox,Washing Machine,479.0,4.6,40.0
SAMSUNG Series 5 ecobubble WW80TA046AE/EU 8 kg 1400 Spin Washing Machine - White,Washing Machine,369.0,4.5,235.0
SAMSUNG Series 5+ Auto Dose WW80T534DAN/S1 WiFi-enabled 8 kg 1400 Spin Washing Machine - Graphite,Washing Machine,569.0,4.5,83.0
HISENSE WFGE10141VM 10 kg 1400 rpm Washing Machine - White,Washing Machine,469.0,5.0,1.0
SAMSUNG Series 4 WW70T4040EE/EU 7 kg 1400 Spin Washing Machine - White,Washing Machine,379.0,1.0,1.0
